City_ID,City,Country,Date,Lat,Lng,Max Temp,Humidity,Cloudiness,Wind Speed
0,Chuy,UY,2019-12-30 03:24:43,-33.69,-53.46,70.39,93,51,4.74
1,Hobart,AU,2019-12-30 03:22:31,-42.88,147.33,102.2,11,33,21.92
2,Lompoc,US,2019-12-30 03:24:44,34.64,-120.46,54.0,87,40,5.82
3,Iquitos,PE,2019-12-30 03:24:44,-3.75,-73.25,77.0,94,40,4.7
4,Ushuaia,AR,2019-12-30 03:23:18,-54.81,-68.31,51.8,43,11,4.7
5,Port Alfred,ZA,2019-12-30 03:24:45,-33.59,26.89,70.0,96,10,1.99
6,Yellowknife,CA,2019-12-30 03:24:45,62.45,-114.38,-16.01,75,75,4.7
7,Georgetown,GY,2019-12-30 03:24:45,6.8,-58.16,73.4,100,100,4.7
8,Fortuna,US,2019-12-30 03:24:45,40.6,-124.16,46.99,100,90,2.37
9,Mount Gambier,AU,2019-12-30 03:20:41,-37.83,140.78,86.0,33,56,26.4
10,Cape Town,ZA,2019-12-30 03:22:25,-33.93,18.42,66.2,77,0,13.87
11,Tromso,NO,2019-12-30 03:24:46,69.65,18.96,33.8,86,90,20.8
12,Port Elizabeth,US,2019-12-30 03:24:46,39.31,-74.98,55.99,93,90,6.93
13,Hilo,US,2019-12-30 03:20:05,19.71,-155.08,80.6,54,1,6.93
14,Provideniya,RU,2019-12-30 03:24:46,64.42,-173.23,5.0,60,0,20.13
15,Kapaa,US,2019-12-30 03:24:47,22.08,-159.32,80.6,74,75,5.82
16,Severo-Yeniseyskiy,RU,2019-12-30 03:24:47,60.37,93.04,-16.73,94,0,3.89
17,Sorland,NO,2019-12-30 03:24:47,67.67,12.69,43.39,81,75,29.62
18,Rikitea,PF,2019-12-30 03:23:04,-23.12,-134.97,77.41,78,100,5.75
19,Sukumo,JP,2019-12-30 03:24:49,32.94,132.72,61.27,93,100,7.78
20,Mataura,NZ,2019-12-30 03:24:50,-46.19,168.86,59.0,79,91,20.0
21,Aswan,EG,2019-12-30 03:24:50,24.09,32.9,50.0,46,42,8.05
22,Cabo San Lucas,MX,2019-12-30 03:20:02,22.89,-109.91,64.99,76,5,10.29
23,Kodiak,US,2019-12-30 03:24:51,39.95,-94.76,30.99,80,90,18.34
24,New Norfolk,AU,2019-12-30 03:24:51,-42.78,147.06,102.2,11,28,21.92
25,Vaini,IN,2019-12-30 03:24:52,15.34,74.49,71.6,77,5,6.49
26,Bluff,AU,2019-12-30 03:24:52,-23.58,149.07,87.96,42,25,12.44
27,East London,ZA,2019-12-30 03:24:53,-33.02,27.91,69.8,88,40,8.05
28,Telimele,GN,2019-12-30 03:24:53,10.9,-13.03,67.17,27,0,3.33
29,Ca Mau,VN,2019-12-30 03:24:53,9.18,105.15,87.33,55,40,11.05
30,Rapsani,GR,2019-12-30 03:24:55,39.9,22.55,39.2,48,40,23.04
31,Bethel,US,2019-12-30 03:24:55,60.79,-161.76,-16.6,68,1,14.99
32,Cartagena,ES,2019-12-30 03:24:56,37.63,-1.0,46.99,100,9,6.31
33,Bandarbeyla,SO,2019-12-30 03:24:57,9.49,50.81,78.69,83,21,12.93
34,Straumen,NO,2019-12-30 03:22:05,63.87,11.3,45.0,87,90,18.34
35,Abu Zabad,SD,2019-12-30 03:24:57,12.35,29.25,57.79,22,100,10.11
36,Payo,ID,2019-12-30 03:24:57,-3.75,103.64,79.61,72,87,2.71
37,Clyde River,CA,2019-12-30 03:24:58,70.47,-68.59,6.8,71,75,5.82
38,Carutapera,BR,2019-12-30 03:24:58,-1.2,-46.02,82.17,79,97,15.86
39,Arona,IT,2019-12-30 03:24:58,45.76,8.56,37.99,100,75,6.93
40,Sitka,US,2019-12-30 03:24:59,37.17,-99.65,30.99,77,26,10.0
41,Barrow,AR,2019-12-30 03:24:59,-38.31,-60.23,67.73,90,100,10.18
42,Cidreira,BR,2019-12-30 03:24:59,-30.17,-50.22,75.09,89,0,23.24
43,Berlevag,NO,2019-12-30 03:24:59,70.86,29.09,33.44,71,100,16.06
44,Hithadhoo,MV,2019-12-30 03:21:05,-0.6,73.08,82.94,75,100,8.61
45,Vila Velha,BR,2019-12-30 03:25:00,-3.71,-38.6,86.0,83,40,10.29
46,Bubaque,GW,2019-12-30 03:25:01,11.28,-15.83,79.93,50,0,12.37
47,Ribeira Grande,PT,2019-12-30 03:25:01,38.52,-28.7,54.81,69,79,7.83
48,Samana,EC,2019-12-30 03:25:02,0.12,-76.97,73.18,96,90,0.47
49,Namatanai,PG,2019-12-30 03:25:02,-3.66,152.44,85.91,69,5,8.08
50,Jamestown,AU,2019-12-30 03:25:02,-33.21,138.6,102.94,14,68,21.5
51,Cullen,GY,2019-12-30 03:25:03,7.16,-58.48,74.46,91,100,4.38
52,Porto Novo,BR,2019-12-30 03:25:03,-23.68,-45.44,68.0,82,99,5.82
53,Hermanus,ZA,2019-12-30 03:25:03,-34.42,19.24,64.0,92,48,1.01
54,Saint-Philippe,CA,2019-12-30 03:25:04,45.36,-73.48,28.4,68,90,14.99
55,Opuwo,NA,2019-12-30 03:21:06,-18.06,13.84,67.8,64,100,5.61
56,Tasiilaq,GL,2019-12-30 03:25:04,65.61,-37.64,23.0,57,83,3.36
57,Gijon,ES,2019-12-30 03:25:05,43.54,-5.66,46.99,49,2,9.17
58,Busselton,AU,2019-12-30 03:25:05,-33.64,115.35,72.0,52,92,7.0
59,Upernavik,GL,2019-12-30 03:25:05,72.79,-56.15,14.22,78,100,14.43
60,Albany,US,2019-12-30 03:21:11,42.65,-73.75,35.6,80,90,5.82
61,Tornio,FI,2019-12-30 03:25:06,61.12,27.27,39.2,100,90,17.22
62,Pevek,RU,2019-12-30 03:25:06,69.7,170.27,-24.45,98,100,7.49
63,Sheltozero,RU,2019-12-30 03:25:07,61.37,35.37,30.76,88,100,29.73
64,Hasaki,JP,2019-12-30 03:25:07,35.73,140.83,44.6,100,75,5.82
65,North Platte,US,2019-12-30 03:25:07,41.12,-100.77,28.4,74,90,26.4
66,San Patricio,PY,2019-12-30 03:25:07,-26.98,-56.83,81.7,52,0,5.32
67,Benicarlo,ES,2019-12-30 03:25:08,40.42,0.43,46.99,85,17,3.04
68,Bredasdorp,ZA,2019-12-30 03:25:08,-34.53,20.04,66.2,82,67,5.82
69,Zhigansk,RU,2019-12-30 03:25:10,66.77,123.37,-26.46,94,100,20.38
70,Sao Filipe,CV,2019-12-30 03:25:10,14.9,-24.5,71.49,67,0,12.26
71,Khatanga,RU,2019-12-30 03:25:10,71.98,102.47,-32.57,97,42,6.46
72,Union,US,2019-12-30 03:25:10,34.72,-81.62,66.2,93,90,5.82
73,Atuona,PF,2019-12-30 03:25:10,-9.8,-139.03,80.73,74,4,12.82
74,Fengcheng,CN,2019-12-30 03:25:11,40.45,124.07,11.66,69,0,9.95
75,Pisco,PE,2019-12-30 03:25:11,-13.71,-76.2,69.8,88,20,3.36
76,Adrar,DZ,2019-12-30 03:25:11,27.87,-0.29,48.2,49,24,13.87
77,Wuwei,CN,2019-12-30 03:25:11,37.93,102.64,18.09,56,0,3.69
78,Grand Gaube,MU,2019-12-30 03:25:12,-20.01,57.66,77.0,100,75,27.51
79,Saint George,GR,2019-12-30 03:25:12,39.45,22.34,41.0,56,90,10.29
80,Bambous Virieux,MU,2019-12-30 03:25:12,-20.34,57.76,77.0,100,75,27.51
81,Sur,OM,2019-12-30 03:25:14,22.57,59.53,67.37,80,0,1.23
82,Chokurdakh,RU,2019-12-30 03:25:14,70.62,147.9,-30.41,84,65,7.07
83,East Angus,CA,2019-12-30 03:25:14,45.48,-71.66,26.01,73,1,5.82
84,Thompson,CA,2019-12-30 03:25:14,55.74,-97.86,-2.2,84,75,3.36
85,Puerto Ayora,EC,2019-12-30 03:24:38,-0.74,-90.35,75.0,88,57,5.01
86,Kahului,US,2019-12-30 03:22:44,20.89,-156.47,80.6,57,40,19.46
87,Maceio,BR,2019-12-30 03:25:15,-9.67,-35.74,75.2,88,20,2.24
88,Guilin,CN,2019-12-30 03:25:15,25.28,110.29,57.2,82,90,2.24
89,Coquimbo,CL,2019-12-30 03:25:15,-29.95,-71.34,59.0,87,40,4.7
90,Alyangula,AU,2019-12-30 03:25:16,-13.85,136.42,91.4,52,75,10.29
91,Prince Rupert,CA,2019-12-30 03:25:16,54.32,-130.32,44.6,93,90,14.99
92,Soe,EE,2019-12-30 03:25:16,57.91,26.05,37.99,86,90,18.34
93,Biltine,TD,2019-12-30 03:25:16,14.53,20.93,60.64,20,100,8.97
94,Portland,US,2019-12-30 03:25:16,43.66,-70.25,35.6,59,90,4.7
95,Develi,TR,2019-12-30 03:25:17,38.39,35.49,35.6,92,75,17.22
96,Kamaishi,JP,2019-12-30 03:25:17,39.28,141.86,32.0,72,75,1.12
97,Greeneville,US,2019-12-30 03:25:18,36.16,-82.83,72.0,64,75,9.17
98,Groningen,NL,2019-12-30 03:23:58,53.22,6.57,42.01,60,87,11.41
99,Punta Arenas,CL,2019-12-30 03:25:19,-53.16,-70.91,48.2,70,8,5.82
100,Roald,NO,2019-12-30 03:25:21,62.58,6.12,48.2,76,100,31.09
101,Kurumkan,RU,2019-12-30 03:25:21,54.33,110.32,-17.64,85,93,1.43
102,Longyearbyen,NO,2019-12-30 03:25:21,78.22,15.63,12.2,56,0,21.92
103,Grindavik,IS,2019-12-30 03:25:21,63.84,-22.43,35.6,86,0,9.17
104,Dikson,RU,2019-12-30 03:25:22,73.51,80.55,-1.34,92,100,31.07
105,Avarua,CK,2019-12-30 03:25:24,-21.21,-159.78,77.0,78,100,6.93
106,Lebu,ET,2019-12-30 03:25:24,8.96,38.73,53.6,62,20,2.24
107,Whitehorse,CA,2019-12-30 03:25:24,60.72,-135.06,30.0,74,90,16.11
108,Churapcha,RU,2019-12-30 03:25:24,62.0,132.43,-35.57,96,97,2.33
109,Alta Floresta,BR,2019-12-30 03:25:26,-9.87,-56.08,73.22,94,100,1.79
110,Kangaatsiaq,GL,2019-12-30 03:25:26,68.31,-53.46,19.65,84,100,10.63
111,La Ronge,CA,2019-12-30 03:25:26,55.1,-105.3,17.6,85,20,3.36
112,Norman Wells,CA,2019-12-30 03:25:27,65.28,-126.83,-14.8,62,40,21.92
113,Codrington,AU,2019-12-30 03:25:27,-28.95,153.24,89.01,40,98,14.99
114,Claremore,US,2019-12-30 03:25:27,36.31,-95.62,41.0,55,40,14.99
115,Yulara,AU,2019-12-30 03:25:28,-25.24,130.99,100.4,24,0,11.41
116,Butaritari,KI,2019-12-30 03:25:28,3.07,172.79,83.7,76,100,11.86
117,Shingu,JP,2019-12-30 03:25:29,33.72,135.99,55.4,93,75,14.99
118,Gweru,ZW,2019-12-30 03:25:29,-19.46,29.82,58.75,92,24,2.53
119,Ponta Do Sol,BR,2019-12-30 03:25:29,-20.63,-46.0,65.23,90,14,3.67
120,Maracai,BR,2019-12-30 03:25:29,-22.61,-50.67,75.18,67,96,8.25
121,Qaanaaq,GL,2019-12-30 03:25:30,77.48,-69.36,-10.28,89,100,1.34
122,Macaubas,BR,2019-12-30 03:25:30,-13.02,-42.7,67.8,89,18,2.24
123,Tomohon,ID,2019-12-30 03:25:30,1.33,124.84,87.8,70,40,11.41
124,Letlhakeng,BW,2019-12-30 03:25:30,-24.1,25.03,73.44,56,100,9.64
125,Lata,IN,2019-12-30 03:25:31,30.78,78.62,16.9,29,0,6.82
126,Weligama,LK,2019-12-30 03:25:31,5.97,80.42,77.83,73,84,5.73
127,Suihua,CN,2019-12-30 03:25:31,46.64,126.99,-12.03,93,97,6.44
128,Nokaneng,BW,2019-12-30 03:25:31,-19.66,22.19,73.65,74,14,4.59
129,Kailua,US,2019-12-30 03:25:31,21.39,-157.74,80.6,65,40,10.29
130,Esperance,AU,2019-12-30 03:25:32,-33.86,121.89,69.8,43,90,13.87
131,Muriti,TZ,2019-12-30 03:25:32,-1.99,32.93,66.2,93,20,8.01
132,Ixtapa,MX,2019-12-30 03:25:32,20.71,-105.21,73.99,78,75,2.24
133,Cherskiy,RU,2019-12-30 03:25:33,68.75,161.3,-34.96,100,4,3.42
134,Port Moresby,PG,2019-12-30 03:25:33,-9.47,147.16,83.19,74,94,9.19
135,Robertsport,LR,2019-12-30 03:25:34,6.75,-11.37,82.33,78,0,8.14
136,Rabaul,PG,2019-12-30 03:25:34,-4.2,152.17,84.33,71,0,6.26
137,Islamkot,PK,2019-12-30 03:25:34,24.7,70.18,56.52,19,0,8.88
138,Rudsar,IR,2019-12-30 03:25:34,37.14,50.29,51.8,100,56,3.8
139,Salalah,OM,2019-12-30 03:25:35,17.01,54.1,75.2,73,20,9.17
140,Faanui,PF,2019-12-30 03:25:35,-16.48,-151.75,81.73,76,100,12.24
141,Bhairab Bazar,BD,2019-12-30 03:25:35,24.06,90.98,62.6,87,40,4.9
142,Castelldefels,ES,2019-12-30 03:25:35,41.29,1.98,54.0,76,75,6.93
143,San Cristobal,HN,2019-12-30 03:25:36,14.68,-86.92,64.85,92,85,3.2
144,Gunjur,GM,2019-12-30 03:25:36,13.18,-16.76,69.8,49,24,3.36
145,Poretskoye,RU,2019-12-30 03:25:36,55.2,46.33,12.96,95,85,3.2
146,Cockburn Town,TC,2019-12-30 03:25:36,21.46,-71.14,78.6,73,35,20.11
147,Fuxin,CN,2019-12-30 03:25:36,42.02,121.65,5.49,62,0,12.73
148,Fairbanks,US,2019-12-30 03:23:12,64.84,-147.72,3.0,77,90,4.34
149,Tiksi,RU,2019-12-30 03:25:37,71.64,128.87,-19.93,82,100,12.62
150,Praia Da Vitoria,PT,2019-12-30 03:25:37,38.73,-27.07,48.2,93,20,9.01
151,Saskylakh,RU,2019-12-30 03:25:37,71.97,114.09,-28.55,92,90,5.37
152,Klaksvik,FO,2019-12-30 03:25:38,62.23,-6.59,46.4,81,82,26.4
153,Carnarvon,ZA,2019-12-30 03:25:38,-30.97,22.13,62.53,73,0,8.61
154,Vidim,CZ,2019-12-30 03:25:39,50.47,14.53,33.01,86,72,9.17
155,Klyuchi,RU,2019-12-30 03:25:39,52.25,79.17,26.08,97,100,4.72
156,Kaeo,NZ,2019-12-30 03:25:40,-35.1,173.78,78.01,74,0,3.0
157,Sioux Lookout,CA,2019-12-30 03:25:41,50.1,-91.92,15.8,85,90,8.05
158,Alekseyevsk,RU,2019-12-30 03:25:42,57.84,108.35,-7.91,83,100,4.25
159,Kalabo,ZM,2019-12-30 03:25:42,-15.0,22.67,67.8,88,100,3.22
160,Marawi,PH,2019-12-30 03:25:42,8.0,124.29,82.0,76,0,5.01
161,Horsham,AU,2019-12-30 03:25:43,-36.71,142.2,110.3,10,0,22.08
162,Talnakh,RU,2019-12-30 03:25:43,69.49,88.39,-9.4,76,100,26.84
163,Ostersund,SE,2019-12-30 03:25:43,63.18,14.64,41.0,80,100,10.29
164,Luderitz,NA,2019-12-30 03:25:44,-26.65,15.16,61.21,90,33,19.6
165,Khorixas,NA,2019-12-30 03:25:44,-20.37,14.96,70.93,40,99,6.38
166,Awbari,LY,2019-12-30 03:25:45,26.59,12.77,41.61,54,0,5.01
167,Sao Joao Da Barra,BR,2019-12-30 03:25:45,-21.64,-41.05,75.74,83,0,6.26
168,Ust-Ordynskiy,RU,2019-12-30 03:25:45,52.8,104.75,3.2,59,0,8.95
169,Nogliki,RU,2019-12-30 03:25:46,51.8,143.14,2.59,84,45,4.97
170,Huangpi,CN,2019-12-30 03:25:46,30.88,114.37,46.4,81,40,4.47
171,Nanortalik,GL,2019-12-30 03:25:46,60.14,-45.24,27.16,67,96,9.22
172,Nkoteng,CM,2019-12-30 03:25:46,4.5,12.12,67.08,98,11,1.21
173,Tuktoyaktuk,CA,2019-12-30 03:25:46,69.44,-133.03,-20.2,75,75,10.29
174,Requena,ES,2019-12-30 03:25:47,39.49,-1.1,48.99,81,75,4.7
175,Arman,RU,2019-12-30 03:25:47,59.7,150.17,12.4,67,100,7.9
176,Ahipara,NZ,2019-12-30 03:25:47,-35.17,173.16,78.01,74,7,3.0
177,Neiafu,TO,2019-12-30 03:25:47,-18.65,-173.98,84.2,89,75,11.41
178,Saint Anthony,US,2019-12-30 03:25:47,43.97,-111.68,19.4,79,90,3.36
179,Port-Gentil,GA,2019-12-30 03:25:48,-0.72,8.78,82.18,78,100,9.71
180,Avera,US,2019-12-30 03:25:48,33.19,-82.53,71.6,100,90,6.93
181,Frontera,MX,2019-12-30 03:25:48,18.53,-92.64,71.6,100,5,1.86
182,Anadyr,RU,2019-12-30 03:25:49,64.73,177.51,-25.01,74,75,13.42
183,Gornyy,RU,2019-12-30 03:25:49,51.76,48.54,10.33,94,4,5.3
184,Baringo,KE,2019-12-30 03:25:49,0.47,35.97,68.81,66,12,4.43
185,Mareeba,AU,2019-12-30 03:25:50,-16.99,145.42,89.01,70,75,10.29
186,Kampot,KH,2019-12-30 03:24:59,10.62,104.18,84.2,66,40,8.05
187,Castro,CL,2019-12-30 03:25:51,-42.48,-73.76,53.6,76,100,6.93
188,West Lafayette,US,2019-12-30 03:25:51,40.43,-86.91,55.4,93,90,4.7
189,Sing Buri,TH,2019-12-30 03:25:51,14.89,100.4,87.01,44,0,10.92
190,Port Macquarie,AU,2019-12-30 03:25:51,-31.43,152.91,96.01,26,0,19.46
191,Juxtlahuaca,MX,2019-12-30 03:25:52,17.43,-99.15,60.19,78,74,2.55
192,Rocha,UY,2019-12-30 03:25:52,-34.48,-54.34,65.55,95,67,4.92
193,Aklavik,CA,2019-12-30 03:25:53,68.22,-135.01,-16.6,75,90,9.17
194,Porto Nacional,BR,2019-12-30 03:25:53,-10.7,-48.41,75.2,88,20,4.7
195,Pouembout,NC,2019-12-30 03:25:54,-21.12,164.9,83.21,50,71,4.63
196,Glace Bay,CA,2019-12-30 03:25:54,46.2,-59.96,27.0,68,90,13.87
197,Corinto,CO,2019-12-30 03:25:54,3.17,-76.26,73.4,78,75,9.17
198,Salinopolis,BR,2019-12-30 03:25:55,-0.61,-47.36,82.72,78,100,15.32
199,Bodden Town,KY,2019-12-30 03:21:49,19.28,-81.25,79.0,78,33,7.02
200,Oranjemund,ZA,2019-12-30 03:25:56,-28.55,16.43,63.27,79,100,6.33
201,Iqaluit,CA,2019-12-30 03:25:56,63.75,-68.52,3.2,77,75,0.72
202,Carbonia,IT,2019-12-30 03:22:14,39.17,8.53,37.4,86,0,3.36
203,Matadi,CD,2019-12-30 03:25:57,-5.83,13.46,72.19,96,100,2.62
204,Victoria,BN,2019-12-30 03:25:57,5.28,115.24,87.8,58,75,2.24
205,Christchurch,NZ,2019-12-30 03:25:57,-43.53,172.64,64.99,77,100,11.41
206,Rameswaram,IN,2019-12-30 03:25:58,9.28,79.3,79.43,79,26,13.51
207,Hervey Bay,AU,2019-12-30 03:25:58,-25.3,152.85,86.0,45,40,17.22
208,Tura,RU,2019-12-30 03:25:58,64.27,100.22,-30.03,91,0,5.73
209,Turochak,RU,2019-12-30 03:25:58,52.26,87.12,22.28,84,100,2.66
210,Samarai,PG,2019-12-30 03:23:05,-10.62,150.67,86.43,60,47,8.01
211,Nikolskoye,RU,2019-12-30 03:25:59,59.7,30.79,35.6,94,90,13.42
212,Hualmay,PE,2019-12-30 03:25:59,-11.1,-77.61,66.2,89,70,1.36
213,Hofn,IS,2019-12-30 03:25:59,64.25,-15.21,36.91,95,100,16.8
214,Tamasane,BW,2019-12-30 03:26:00,-22.42,27.4,75.2,57,18,5.82
215,Padang,ID,2019-12-30 03:26:00,-0.92,100.36,82.04,65,0,1.7
216,Havre-Saint-Pierre,CA,2019-12-30 03:26:01,50.23,-63.6,17.6,61,75,12.75
217,Baruun-Urt,MN,2019-12-30 03:26:01,46.68,113.28,-12.73,84,0,10.63
218,Bereda,ES,2019-12-30 03:26:01,43.27,-7.54,45.0,100,0,6.93
219,Kapit,MY,2019-12-30 03:26:02,2.02,112.94,87.53,67,92,0.72
220,Otradnoye,RU,2019-12-30 03:26:02,59.77,30.8,35.6,90,90,13.42
221,Arraial Do Cabo,BR,2019-12-30 03:26:02,-22.97,-42.02,75.72,85,5,10.13
222,Saldanha,PT,2019-12-30 03:26:03,41.42,-6.55,40.68,52,3,1.74
223,Tuatapere,NZ,2019-12-30 03:26:03,-46.13,167.69,59.0,79,57,20.0
224,Punta De Bombon,PE,2019-12-30 03:26:03,-17.17,-71.79,65.77,87,65,4.97
225,Tahoua,NE,2019-12-30 03:26:03,14.89,5.26,66.2,10,0,6.93
226,Dakar,SN,2019-12-30 03:26:04,14.69,-17.45,77.0,15,89,11.41
227,Nipawin,CA,2019-12-30 03:26:04,53.36,-104.02,10.4,92,75,3.36
228,Ipixuna,BR,2019-12-30 03:26:04,-1.76,-48.8,77.0,94,65,4.7
229,Poum,MK,2019-12-30 03:26:04,41.28,20.71,21.13,65,0,6.67
230,Mar Del Plata,AR,2019-12-30 03:26:05,-46.43,-67.52,60.76,62,59,5.73
231,Tezu,IN,2019-12-30 03:26:05,27.93,96.16,62.26,28,0,2.1
232,Mount Isa,AU,2019-12-30 03:26:06,-20.73,139.49,104.0,16,38,10.29
233,Necochea,AR,2019-12-30 03:26:06,-38.55,-58.74,71.01,1,100,8.01
234,Kavieng,PG,2019-12-30 03:26:06,-2.57,150.8,84.4,74,39,13.38
235,Smithers,CA,2019-12-30 03:26:06,54.78,-127.17,32.0,97,90,10.29
236,Atar,MR,2019-12-30 03:26:06,20.52,-13.05,62.55,17,100,11.27
237,Vila Franca Do Campo,PT,2019-12-30 03:26:07,37.72,-25.43,51.8,76,20,4.7
238,Airai,TL,2019-12-30 03:26:07,-8.93,125.41,76.86,77,99,4.43
239,Coihaique,CL,2019-12-30 03:26:07,-45.58,-72.07,59.0,54,45,3.36
240,Deputatskiy,RU,2019-12-30 03:26:07,69.3,139.9,-25.24,73,1,3.53
241,Mahebourg,MU,2019-12-30 03:26:07,-20.41,57.7,77.0,100,75,27.51
242,Ilulissat,GL,2019-12-30 03:26:08,69.22,-51.1,17.6,72,61,13.87
243,Bassar,TG,2019-12-30 03:26:08,9.26,0.78,69.04,15,0,5.46
244,Russell,US,2019-12-30 03:26:08,38.9,-98.86,33.8,69,90,18.34
245,Tazovskiy,RU,2019-12-30 03:26:08,67.47,78.7,8.62,94,97,11.86
246,Talcahuano,CL,2019-12-30 03:23:36,-36.72,-73.12,59.0,72,0,12.75
247,Gat,SN,2019-12-30 03:26:09,14.69,-16.54,77.0,15,100,11.41
248,Fort Nelson,CA,2019-12-30 03:26:09,58.81,-122.69,-4.0,83,75,2.24
249,Pundaguitan,PH,2019-12-30 03:26:09,6.37,126.17,80.53,76,84,7.61
250,Phalombe,MW,2019-12-30 03:26:09,-15.81,35.65,66.02,97,100,4.79
251,Karratha,AU,2019-12-30 03:26:09,-20.74,116.85,84.42,87,1,10.36
252,Bowen,AU,2019-12-30 03:26:10,-20.01,148.25,82.4,74,75,16.11
253,Veraval,FR,2019-12-30 03:26:10,49.65,0.71,35.6,100,55,3.36
254,Irbit,RU,2019-12-30 03:26:10,57.67,63.06,-12.46,94,0,2.37
255,Arys,KZ,2019-12-30 03:26:10,42.43,68.8,30.2,100,90,2.24
256,Lodja,CD,2019-12-30 03:26:10,-3.52,23.6,68.18,99,100,1.39
257,Mangai,CD,2019-12-30 03:26:11,-4.07,19.59,69.62,92,100,1.88
258,Meulaboh,ID,2019-12-30 03:26:11,4.14,96.13,81.0,77,0,5.5
259,Aranos,NA,2019-12-30 03:26:11,-24.14,19.11,75.33,65,100,4.09
260,San Andres,PH,2019-12-30 03:26:11,13.32,122.68,84.74,62,0,5.32
261,Koslan,RU,2019-12-30 03:26:12,63.46,48.9,15.19,87,100,13.13
262,Prestea,GH,2019-12-30 03:26:12,5.43,-2.14,75.15,93,0,0.85
263,Lahij,YE,2019-12-30 03:26:12,13.06,44.88,71.85,69,35,3.53
264,Ust-Barguzin,RU,2019-12-30 03:26:12,53.41,109.03,-16.24,95,58,4.97
265,Buzmeyin,TM,2019-12-30 03:26:13,38.05,58.21,46.4,81,75,6.93
266,Fukue,JP,2019-12-30 03:26:13,35.03,136.69,48.99,87,75,10.29
267,Batagay-Alyta,RU,2019-12-30 03:26:13,67.8,130.41,-15.95,80,100,4.92
268,Constitucion,MX,2019-12-30 03:26:13,23.99,-104.67,53.6,32,5,5.82
269,Guerrero Negro,MX,2019-12-30 03:26:13,27.97,-114.04,58.21,52,0,5.64
270,Chenzhou,CN,2019-12-30 03:26:13,25.81,113.03,59.22,70,68,6.64
271,Mitsamiouli,KM,2019-12-30 03:26:14,-11.38,43.28,78.8,88,75,2.24
272,Isabela,PH,2019-12-30 03:26:14,10.2,122.99,78.39,74,13,11.63
273,Antigonish,CA,2019-12-30 03:26:15,45.62,-61.99,27.0,79,90,19.46
274,Souillac,FR,2019-12-30 03:26:15,45.6,-0.6,37.0,78,90,4.7
275,Almaznyy,RU,2019-12-30 03:26:15,48.03,40.04,33.8,88,75,11.18
276,Kaitangata,NZ,2019-12-30 03:26:15,-46.28,169.85,60.01,68,72,8.01
277,Skjervoy,NO,2019-12-30 03:26:15,70.03,20.97,35.87,82,100,10.25
278,Baiyin,CN,2019-12-30 03:26:15,36.55,104.13,23.0,38,0,2.24
279,Teya,MX,2019-12-30 03:26:16,21.05,-89.07,77.0,88,20,4.81
280,Lorengau,PG,2019-12-30 03:26:16,-2.02,147.27,84.33,68,15,5.21
281,Yar-Sale,RU,2019-12-30 03:26:16,66.83,70.83,14.04,78,100,20.69
282,Andalan,PH,2019-12-30 03:26:16,5.96,121.39,82.53,72,98,7.76
283,Varkaus,FI,2019-12-30 03:26:16,62.32,27.87,37.4,100,90,10.29
284,Vangaindrano,MG,2019-12-30 03:26:17,-23.35,47.6,73.87,93,13,1.88
285,Bethanien,NA,2019-12-30 03:26:17,-26.5,17.16,68.86,28,87,4.18
286,Snasa,NO,2019-12-30 03:22:05,64.25,12.38,34.02,98,100,26.28
287,Torquay,GB,2019-12-30 03:26:17,50.47,-3.52,46.99,95,0,3.0
288,Narsaq,GL,2019-12-30 03:26:17,60.91,-46.05,24.8,79,97,4.7
289,Egvekinot,RU,2019-12-30 03:26:18,66.32,-179.17,-17.86,92,99,9.51
290,Darhan,MN,2019-12-30 03:26:18,49.49,105.92,-18.62,83,0,9.33
291,Tobermory,CA,2019-12-30 03:26:18,45.25,-81.67,36.28,92,100,20.45
292,Srivardhan,IN,2019-12-30 03:26:18,18.03,73.02,74.43,81,0,2.93
293,Cayenne,GF,2019-12-30 03:26:18,4.94,-52.33,77.0,94,75,2.24
294,Tabas,IR,2019-12-30 03:26:18,33.6,56.92,41.0,44,0,2.24
295,Saint-Georges,CA,2019-12-30 03:25:23,46.12,-70.67,24.01,55,99,1.03
296,Aksarka,RU,2019-12-30 03:26:19,66.56,67.8,11.89,73,100,17.65
297,Lavrentiya,RU,2019-12-30 03:26:19,65.58,-170.99,-9.51,86,4,14.32
298,Pemba,MZ,2019-12-30 03:26:19,-12.97,40.52,75.2,94,75,5.82
299,Vardo,US,2019-12-30 03:26:19,39.62,-77.74,50.0,93,90,5.82
300,Nome,US,2019-12-30 03:26:19,30.04,-94.42,57.0,66,1,8.05
301,Kununurra,AU,2019-12-30 03:26:20,-15.77,128.74,100.4,39,94,4.7
302,Sayansk,RU,2019-12-30 03:26:20,54.11,102.18,-9.45,93,100,5.86
303,Shimoda,JP,2019-12-30 03:26:20,34.7,138.93,51.8,87,75,10.29
304,Senador Jose Porfirio,BR,2019-12-30 03:26:20,-2.59,-51.95,75.4,94,100,3.04
305,Omboue,GA,2019-12-30 03:26:21,-1.57,9.26,75.22,92,76,1.21
306,Lagoa,PT,2019-12-30 03:26:22,37.14,-8.45,53.01,81,0,9.17
307,Sergeyevka,KZ,2019-12-30 03:26:22,53.88,67.42,0.1,97,86,6.31
308,Padilla,CO,2019-12-30 03:26:22,3.23,-76.31,73.4,78,75,9.17
309,Kirakira,SB,2019-12-30 03:26:22,-10.46,161.92,81.54,72,10,3.44
310,Iranshahr,IR,2019-12-30 03:26:23,27.21,60.69,48.2,61,0,6.93
311,Novochernorechenskiy,RU,2019-12-30 03:26:23,56.27,91.08,0.84,82,100,5.17
312,Broken Hill,AU,2019-12-30 03:26:23,-31.97,141.45,102.2,10,33,18.34
313,Flin Flon,CA,2019-12-30 03:26:24,54.77,-101.88,16.38,93,100,3.85
314,Acapulco,MX,2019-12-30 03:23:22,16.86,-99.88,80.6,83,75,3.47
315,Santiago,PH,2019-12-30 03:26:24,16.69,121.54,82.24,60,2,2.64
316,Curitibanos,BR,2019-12-30 03:26:25,-27.29,-50.58,65.25,99,100,4.76
317,Palmer,AU,2019-12-30 03:26:25,-34.85,139.16,105.01,33,36,23.04
318,Severo-Kurilsk,RU,2019-12-30 03:26:25,50.68,156.12,25.99,92,100,11.74
319,Osinki,PL,2019-12-30 03:26:26,54.14,22.99,30.99,94,100,13.47
320,Faya,SA,2019-12-30 03:26:26,18.39,42.45,51.8,76,96,4.7
321,Bilibino,RU,2019-12-30 03:26:27,68.06,166.44,-31.7,100,100,1.28
322,Sanmenxia,CN,2019-12-30 03:26:27,34.77,111.19,34.68,26,98,5.37
323,Damietta,EG,2019-12-30 03:26:28,31.42,31.81,53.6,81,33,10.29
324,Curuca,BR,2019-12-30 03:26:28,-2.52,-61.06,75.78,93,76,4.97
325,Moron,HT,2019-12-30 03:26:28,18.56,-74.26,75.96,80,0,4.38
326,Torbay,CA,2019-12-30 03:26:28,47.66,-52.73,30.99,92,90,25.28
327,Kavaratti,IN,2019-12-30 03:26:29,10.57,72.64,82.63,69,98,2.91
328,Puerto Cabezas,NI,2019-12-30 03:26:29,14.04,-83.39,74.89,98,82,2.86
329,Sicuani,PE,2019-12-30 03:26:29,-14.27,-71.23,32.79,99,100,4.68
330,Lakatoro,VU,2019-12-30 03:26:30,-16.11,167.42,84.2,100,0,6.93
331,Nantucket,US,2019-12-30 03:26:30,41.28,-70.1,39.2,80,90,3.36
332,Beringovskiy,RU,2019-12-30 03:26:30,63.05,179.32,-9.33,88,0,22.73
333,Belmonte,PT,2019-12-30 03:26:31,40.36,-7.35,51.01,89,0,2.66
334,Along,IN,2019-12-30 03:26:31,28.17,94.8,54.12,40,0,4.07
335,Ambilobe,MG,2019-12-30 03:26:31,-13.19,49.05,75.69,92,100,4.32
336,Adre,TD,2019-12-30 03:26:31,13.47,22.2,56.43,22,74,9.71
337,Mezen,RU,2019-12-30 03:26:32,65.85,44.24,23.81,91,100,17.31
338,Bonthe,SL,2019-12-30 03:26:32,7.53,-12.5,78.3,81,31,3.2
339,Cairns,AU,2019-12-30 03:26:32,-16.92,145.77,89.01,70,75,10.29
340,Majene,ID,2019-12-30 03:26:32,-3.54,118.97,84.87,71,56,4.83
341,Almansa,ES,2019-12-30 03:26:33,38.87,-1.1,48.99,100,75,5.82
342,Miracema Do Tocantins,BR,2019-12-30 03:26:33,-9.56,-48.4,73.63,87,91,1.95
343,Riyadh,SA,2019-12-30 03:22:55,24.63,46.72,51.8,53,0,3.36
344,Plettenberg Bay,ZA,2019-12-30 03:26:34,-34.05,23.37,66.45,94,77,3.94
345,Marsa Matruh,EG,2019-12-30 03:22:03,31.35,27.25,46.4,75,40,16.11
346,Gornopravdinsk,RU,2019-12-30 03:26:34,60.06,69.92,-6.39,93,0,4.81
347,Dudinka,RU,2019-12-30 03:26:35,69.41,86.18,-9.4,76,100,26.84
348,Gloversville,US,2019-12-30 03:26:35,43.05,-74.34,34.0,96,90,4.7
349,Moscow,RU,2019-12-30 03:25:47,55.75,37.62,27.0,92,90,11.18
350,Luwuk,ID,2019-12-30 03:26:36,-0.95,122.79,82.92,72,87,3.89
351,Kajaani,FI,2019-12-30 03:26:36,64.22,27.73,37.4,93,90,14.99
352,Geraldton,CA,2019-12-30 03:26:36,49.72,-86.95,17.6,85,90,13.87
353,Margate,AU,2019-12-30 03:26:36,-43.03,147.26,102.2,11,33,21.92
354,Nhulunbuy,AU,2019-12-30 03:26:37,-12.18,136.78,93.2,49,75,11.41
355,Miranda,BR,2019-12-30 03:26:37,-20.24,-56.38,79.79,69,100,1.45
356,Kodinar,IN,2019-12-30 03:26:37,20.79,70.7,59.54,39,0,12.19
357,Chulym,RU,2019-12-30 03:26:38,55.09,80.97,13.23,95,100,7.56
358,Urucara,BR,2019-12-30 03:26:38,-2.54,-57.76,74.53,97,50,1.54
359,Liepaja,LV,2019-12-30 03:26:38,56.52,21.02,42.8,81,100,20.8
360,Port Blair,IN,2019-12-30 03:26:39,11.67,92.75,81.5,76,16,13.87
361,Alofi,NU,2019-12-30 03:21:49,-19.06,-169.92,78.42,83,97,19.33
362,Novovasylivka,UA,2019-12-30 03:26:39,48.2,37.04,28.78,89,30,7.16
363,Akonolinga,CM,2019-12-30 03:26:40,3.77,12.24,64.36,99,5,1.05
364,Laguna,BZ,2019-12-30 03:26:40,16.17,-88.94,71.08,98,8,1.16
365,Rawson,AR,2019-12-30 03:26:40,-43.3,-65.11,63.57,69,67,2.8
366,Barranca,PE,2019-12-30 03:26:41,-10.75,-77.76,69.22,93,94,9.64
367,Redlands,US,2019-12-30 03:26:41,34.06,-117.19,55.0,37,75,3.36
368,Oistins,BB,2019-12-30 03:22:24,13.07,-59.53,75.2,83,20,4.7
369,Tilichiki,RU,2019-12-30 03:26:42,60.47,166.1,-10.61,66,0,8.05
370,Rio Negro,BR,2019-12-30 03:26:42,-26.1,-49.8,61.0,97,79,1.99
371,Kruisfontein,ZA,2019-12-30 03:26:43,-34.0,24.73,63.16,98,86,0.94
372,Stromness,CA,2019-12-30 03:26:43,42.87,-79.55,42.8,93,90,12.75
373,Kibakwe,TZ,2019-12-30 03:26:43,-6.71,36.37,66.4,96,91,0.96
374,Gamba,CN,2019-12-30 03:26:44,28.28,88.52,17.04,11,45,1.72
375,Sorong,ID,2019-12-30 03:26:44,-0.86,131.25,94.33,43,42,1.59
376,Colares,PT,2019-12-30 03:26:44,38.8,-9.45,53.01,93,0,2.24
377,Tonantins,BR,2019-12-30 03:26:44,-2.86,-67.77,72.86,99,100,1.01
378,Bathsheba,BB,2019-12-30 03:26:45,13.22,-59.52,75.2,83,20,4.7
379,Wanning,AT,2019-12-30 03:26:45,48.64,13.53,25.0,100,0,1.12
380,San Remo,AR,2019-12-30 03:26:46,-31.31,-64.31,72.0,100,75,4.7
381,Almeirim,BR,2019-12-30 03:26:46,-1.53,-52.58,74.97,95,100,3.51
382,Trinidad,BO,2019-12-30 03:26:47,-14.83,-64.9,75.25,93,100,3.06
383,Fairmont,US,2019-12-30 03:26:48,40.64,-97.59,28.99,73,90,31.09
384,Orbetello,IT,2019-12-30 03:26:48,42.44,11.21,39.99,64,0,10.29
385,Ouesso,CG,2019-12-30 03:26:49,1.61,16.05,69.46,53,46,2.19
386,Puertollano,ES,2019-12-30 03:26:49,38.69,-4.11,30.99,95,0,1.01
387,Boddam,GB,2019-12-30 03:26:50,57.47,-1.78,51.8,81,100,18.34
388,East Stroudsburg,US,2019-12-30 03:26:50,41.0,-75.18,41.0,100,90,3.36
389,Oktyabrskoye,RU,2019-12-30 03:26:51,56.73,85.44,3.99,84,90,6.71
390,Sobolevo,RU,2019-12-30 03:26:51,54.43,31.9,22.89,88,100,12.77
391,Lima,PE,2019-12-30 03:26:51,-12.06,-77.04,68.0,94,75,10.29
392,Wajima,JP,2019-12-30 03:26:51,37.4,136.9,44.6,100,75,1.12
393,Itoman,JP,2019-12-30 03:26:51,26.12,127.67,69.8,88,75,13.87
394,Usogorsk,RU,2019-12-30 03:26:52,63.43,48.71,15.42,88,100,13.62
395,Brae,GB,2019-12-30 03:26:52,60.4,-1.35,48.2,76,100,26.4
396,Ancud,CL,2019-12-30 03:26:52,-41.87,-73.83,53.6,76,100,6.93
397,Port Augusta,AU,2019-12-30 03:26:53,-32.49,137.76,102.99,14,84,11.99
398,Linjiang,CN,2019-12-30 03:26:53,41.81,126.91,14.95,83,100,3.38
399,Fernley,US,2019-12-30 03:24:46,39.61,-119.25,37.99,74,90,2.66
400,Sisimiut,GL,2019-12-30 03:24:37,66.94,-53.67,5.74,81,8,8.14
401,Carrick-On-Suir,IE,2019-12-30 03:26:54,52.35,-7.41,50.0,84,0,7.0
402,Chirongui,YT,2019-12-30 03:25:50,-12.93,45.15,78.8,94,75,4.7
403,Klamath Falls,US,2019-12-30 03:26:54,42.22,-121.78,34.0,86,90,1.19
404,Keti Bandar,PK,2019-12-30 03:26:54,24.14,67.45,57.97,25,0,12.84
405,Suaita,CO,2019-12-30 03:26:55,6.1,-73.44,59.83,97,100,2.95
406,Pozo Colorado,PY,2019-12-30 03:26:55,-23.49,-58.8,76.96,80,32,2.89
407,Hinsdale,US,2019-12-30 03:26:56,42.79,-72.49,35.01,98,90,2.15
408,Kibre Mengist,ET,2019-12-30 03:26:56,5.87,38.99,55.27,82,100,1.57
409,Antofagasta,CL,2019-12-30 03:26:56,-23.65,-70.4,66.2,77,90,6.93
410,Chapais,CA,2019-12-30 03:26:57,49.78,-74.86,10.4,85,40,5.82
411,Conceicao Do Araguaia,BR,2019-12-30 03:26:57,-8.26,-49.26,75.04,83,99,0.94
412,Kolondieba,ML,2019-12-30 03:26:57,11.09,-6.89,66.38,20,0,5.37
413,Kandrian,PG,2019-12-30 03:26:57,-6.21,149.55,83.93,76,78,6.67
414,Sayyan,YE,2019-12-30 03:26:58,15.17,44.32,45.9,42,99,0.94
415,Hauterive,CA,2019-12-30 03:26:59,49.18,-68.27,21.2,62,0,9.17
416,Vizinga,RU,2019-12-30 03:26:59,61.08,50.08,7.29,77,100,11.79
417,Ostrovnoy,RU,2019-12-30 03:27:00,68.05,39.51,33.55,94,100,13.6
418,Siedlce,PL,2019-12-30 03:27:00,52.17,22.28,32.0,85,100,11.18
419,Boende,CD,2019-12-30 03:27:00,-0.28,20.88,71.44,94,99,1.61
420,Ballina,IE,2019-12-30 03:27:00,54.11,-9.15,53.01,90,100,5.01
421,Maracacume,BR,2019-12-30 03:26:57,-2.04,-45.96,74.8,93,100,2.1
422,Princeton,US,2019-12-30 03:27:01,40.35,-74.66,48.2,100,90,8.05
423,Angoram,PG,2019-12-30 03:27:01,-4.06,144.07,90.61,56,40,3.53
424,Jaroslaw,PL,2019-12-30 03:27:01,50.02,22.68,27.0,79,90,8.05
425,Jablah,SY,2019-12-30 03:27:02,35.36,35.93,53.6,62,40,9.17
426,Belaya Gora,RU,2019-12-30 03:27:02,68.54,146.19,-31.31,75,0,4.83
427,Havelock,US,2019-12-30 03:27:02,34.88,-76.9,71.6,73,90,12.75
428,Glendive,US,2019-12-30 03:27:03,47.11,-104.71,17.6,85,1,17.22
429,Den Helder,NL,2019-12-30 03:22:31,52.96,4.76,45.0,81,90,13.87
430,Birjand,IR,2019-12-30 03:27:03,32.86,59.22,26.6,63,0,6.93
431,Pierre,US,2019-12-30 03:27:03,44.37,-100.35,25.0,92,90,29.97
432,Sabang,PH,2019-12-30 03:27:04,13.8,121.11,84.0,75,0,5.99
433,Pidhorodna,UA,2019-12-30 03:27:04,48.11,30.89,30.78,81,90,10.33
434,Kompaniyivka,UA,2019-12-30 03:27:04,48.25,32.21,29.21,84,38,12.17
435,Capreol,CA,2019-12-30 03:27:04,46.71,-80.92,25.0,92,90,14.99
436,Kosai,JP,2019-12-30 03:27:05,34.71,137.53,52.0,100,75,2.24
437,Kokopo,PG,2019-12-30 03:27:05,-4.34,152.27,82.85,72,0,4.09
438,Golfito,CR,2019-12-30 03:27:05,8.64,-83.17,75.51,92,100,2.48
439,Nemuro,JP,2019-12-30 03:27:05,43.32,145.57,30.2,63,20,11.41
440,Jalu,LY,2019-12-30 03:27:06,29.03,21.55,46.09,71,0,15.59
441,Tarko-Sale,RU,2019-12-30 03:27:06,64.92,77.78,12.99,89,100,17.05
442,Jimo,CN,2019-12-30 03:27:06,36.39,120.46,37.4,51,75,22.37
443,Tessalit,ML,2019-12-30 03:27:06,20.2,1.01,57.72,17,0,10.33
444,Okmulgee,US,2019-12-30 03:27:07,35.62,-95.96,41.0,60,1,9.17
445,Innisfail,AU,2019-12-30 03:24:30,-17.52,146.03,88.0,45,75,5.99
446,Dryden,CA,2019-12-30 03:27:07,49.79,-92.84,15.8,85,90,16.11
447,Veracruz,EC,2019-12-30 03:25:20,-3.97,-79.57,63.39,94,82,3.11
448,Raudeberg,NO,2019-12-30 03:27:08,61.99,5.14,46.4,93,100,19.46
449,Makat,KZ,2019-12-30 03:27:08,47.65,53.35,25.52,87,62,4.45
450,Shenjiamen,CN,2019-12-30 03:27:08,29.96,122.3,53.38,83,100,16.98
451,Abnub,EG,2019-12-30 03:27:08,27.27,31.15,44.6,74,0,11.41
452,High Level,CA,2019-12-30 03:27:08,58.52,-117.13,1.4,84,75,3.36
453,Monticello,US,2019-12-30 03:27:09,40.03,-88.57,48.2,100,90,5.82
454,Mandalgovi,MN,2019-12-30 03:27:09,45.76,106.27,-12.87,72,0,9.35
455,Sola,TZ,2019-12-30 03:27:09,-3.17,33.8,65.89,77,90,5.28
456,Fare,PF,2019-12-30 03:27:10,-16.7,-151.02,81.81,76,100,13.06
457,Batagay,RU,2019-12-30 03:27:10,67.65,134.64,-26.41,77,0,4.21
458,Dhidhdhoo,MV,2019-12-30 03:27:10,6.88,73.1,82.04,71,100,10.13
459,Jidong,CN,2019-12-30 03:27:11,45.25,131.14,3.6,78,2,6.69
460,Oktyabrskiy,RU,2019-12-30 03:27:11,55.61,37.97,27.0,86,90,11.18
461,Sandwick,GB,2019-12-30 03:27:11,54.57,-2.89,48.99,100,95,8.05
462,Isangel,VU,2019-12-30 03:27:11,-19.55,169.27,82.4,74,75,14.99
463,Saint-Louis,SN,2019-12-30 03:27:11,16.03,-16.5,66.2,39,99,4.7
464,Duliagaon,IN,2019-12-30 03:27:11,27.37,95.32,60.8,63,0,8.05
465,Pangnirtung,CA,2019-12-30 03:27:12,66.15,-65.72,-1.37,93,100,2.51
466,Kloulklubed,PW,2019-12-30 03:27:12,7.04,134.26,86.0,70,75,16.11
467,Tuy Hoa,VN,2019-12-30 03:27:12,13.08,109.3,76.69,87,74,18.52
468,Mwense,ZM,2019-12-30 03:27:12,-10.39,28.7,66.74,98,100,4.74
469,Touros,BR,2019-12-30 03:23:58,-5.2,-35.46,78.8,78,20,9.17
470,Yerbogachen,RU,2019-12-30 03:27:13,61.28,108.01,-12.68,95,100,9.84
471,Huanren,CN,2019-12-30 03:27:13,41.26,125.37,7.63,83,35,6.49
472,Oudtshoorn,ZA,2019-12-30 03:27:13,-33.59,22.2,66.2,93,90,6.93
473,Xinpu,CN,2019-12-30 03:27:13,27.63,119.93,58.68,93,100,1.34
474,Guiratinga,BR,2019-12-30 03:27:13,-16.35,-53.76,74.28,76,6,1.63
475,Manado,ID,2019-12-30 03:26:27,1.49,124.85,87.8,70,40,11.41
476,Buraydah,SA,2019-12-30 03:27:14,26.33,43.97,51.8,62,0,4.7
477,Kologriv,RU,2019-12-30 03:27:14,58.83,44.31,15.73,91,100,10.87
478,Los Llanos De Aridane,ES,2019-12-30 03:27:14,28.66,-17.92,66.2,34,100,3.36
479,Coracao De Jesus,BR,2019-12-30 03:27:15,-16.69,-44.37,75.2,57,0,4.7
480,Komatipoort,MZ,2019-12-30 03:27:15,-25.43,31.96,70.0,88,79,2.24
481,Huarmey,PE,2019-12-30 03:27:15,-10.07,-78.15,67.62,84,61,2.35
482,Smolenka,PL,2019-12-30 03:27:15,54.15,22.76,30.99,94,100,13.47
483,Campbell River,CA,2019-12-30 03:27:16,50.02,-125.24,44.6,100,90,2.24
484,Penzance,GB,2019-12-30 03:27:16,50.12,-5.53,52.0,100,0,17.22
485,Paita,PE,2019-12-30 03:27:16,-5.09,-81.11,74.19,75,100,10.33
486,Nieves,MX,2019-12-30 03:27:16,24.0,-103.02,55.65,33,0,5.5
487,Bria,CF,2019-12-30 03:27:16,6.54,21.99,61.72,28,50,3.42
488,Herat,AF,2019-12-30 03:27:17,34.35,62.22,32.0,50,29,5.82
489,Muros,ES,2019-12-30 03:27:17,42.77,-9.06,52.0,65,0,4.7
490,Garden City,US,2019-12-30 03:27:17,43.62,-116.24,32.0,92,90,4.7
491,Port Hedland,AU,2019-12-30 03:27:17,-20.31,118.58,93.2,63,1,12.75
492,Pacific Grove,US,2019-12-30 03:27:15,36.62,-121.92,52.0,93,90,13.27
493,Pahrump,US,2019-12-30 03:26:15,36.21,-115.98,39.99,55,20,4.7
494,Podgorica,ME,2019-12-30 03:27:18,42.44,19.26,39.2,34,10,27.51
495,Taoudenni,ML,2019-12-30 03:27:18,22.68,-3.98,58.53,23,0,11.63
496,Yaan,NG,2019-12-30 03:27:18,7.38,8.57,70.18,20,42,5.12
497,Rio Gallegos,AR,2019-12-30 03:27:19,-51.62,-69.22,53.6,71,100,6.93
498,Evensk,RU,2019-12-30 03:27:20,61.92,159.24,-8.61,39,0,4.7
499,Jesus Carranza,MX,2019-12-30 03:27:20,31.49,-106.24,39.2,41,1,9.17
500,Chicama,PE,2019-12-30 03:27:20,-7.84,-79.15,69.8,83,75,6.93
501,Broken Arrow,US,2019-12-30 03:27:20,36.05,-95.79,42.01,64,1,16.11
502,Terekli-Mekteb,RU,2019-12-30 03:27:21,44.16,45.87,38.59,83,100,10.33
503,Waipawa,NZ,2019-12-30 03:27:21,-39.94,176.59,73.99,56,48,11.01
504,Port Keats,AU,2019-12-30 03:27:21,-14.25,129.55,93.96,51,47,11.54
505,Pandan,PH,2019-12-30 03:27:21,11.72,122.09,82.53,74,0,18.19
506,Saint-Leu,RE,2019-12-30 03:27:21,-21.15,55.28,78.8,88,100,14.99
507,Mayo,CA,2019-12-30 03:27:22,63.59,-135.9,-5.8,76,90,5.5
508,Komsomolskiy,RU,2019-12-30 03:27:22,67.55,63.78,10.85,92,100,23.76
509,Todos Santos,MX,2019-12-30 03:27:22,23.45,-110.23,64.99,48,5,17.22
510,Los Algarrobos,EC,2019-12-30 03:27:22,-3.25,-79.94,89.6,31,90,3.36
